"Platform","Offer","Country","Ad Title","Revenue Prediction","Leads","Revenue Per Lead","Top 10 Keywords"
"facebook","Immunity Booster PR","US","how to get rid of ulcerative colitis",121125.5455,225030,0.538263989,"Velsipity Pills, Plaque Psoriasis Videos, Migraine Therapy Near Me, Rinvoq Pills, Velsipity Pills,Plaque Psoriasis Videos, Plaque Psoriasis Videos,Velsipity Pills, Recovery Facilities Near Me, Managing Macular Degeneration, velsipity pills, Velsipity Pills,Rinvoq Pills"
"tiktok","Dental Implants PR","US","dental implants",51008.33894,48645,1.048583389,"Full Mouth Dental Implants For $99 (see Dentists Nearby), I Need Dental Implants Near Me Fast, Find Low Cost Dental Implants Near Me, Most Affordable Dental Implants Near Me, Dental Implants Near Me Low Cost, The Cheapest Dental Implants, Fix My Teeth Near Me, Full Mouth Dental Implants, Dental Implants In Houston, Dental Implant Prices"
"mgid","Crohn's Disease Treatment PR","US","crohn's disease - usual symptoms (click here to take a look)",47021.64257,94398,0.4981211739,"Crohn's Disease Pictures, Crohn's Symptoms in Women, Active Crohns, Crohn's Symptoms In Women, Early Crohns, Crohns Symptoms, Crohn's Disease Symptoms In Females Texas, Crohn's Disease Symptoms In Females Florida, Crohn's Disease Pictures,Crohn's Symptoms in Women, Crohn's Disease Symptoms In Females California"
"tiktok","Depression Test PR","US","depression test",46789.85048,106301,0.4401637848,"Take Depression Test, Free Depression Test, Depression Test, Take Depression Quiz, Take Depression Test,Free Depression Test, Depression Test For Teens, Free Depression Test,Take Depression Test, take depression test, Depression And Anxiety Test, Depression Quiz"
"tiktok","Orthodontist PR","GB","orthodontist",38830.04352,31330,1.239388558,"Fix My Teeth Near Me, I Need Dental Implants Near Me Fast, Dental Implants Near Me Low Cost, The Cheapest Dental Implants, Most Affordable Dental Implants Near Me, Find Low Cost Dental Implants Near Me, Cheaper Dental Implants, Affordable Dental Implants Cost Near You, Cheap Dentures and Implants, Orthodontist In Liverpool"
"website-gdnnative","Bipolar Treatment PR","US","bipolar treatment",33015.15385,38975,0.8470854098,"Online Consultant Psychiatrist, Substance Abuse Disorder Treatment, Online Depression, Rexulti Medication, Bipolar Specialist Near Me, Autism Center, Depression Counseling, Online Psychologist Counseling, Online Consultant Psychiatrist,Substance Abuse Disorder Treatment, Anxiety Depression Treatment Nearby"
"mgid","Crohn's Disease Treatment PR","US","crohn's disease - common symptoms (click here to take a look)",32506.59551,61563,0.5280216283,"Crohn's Disease Pictures, Crohn's Symptoms in Women, Active Crohns, Crohn's Disease Pictures,Crohn's Symptoms in Women, Crohn's Symptoms in Women,Crohn's Disease Pictures, Crohn's Disease Symptoms In Females United States, Crohn's Symptoms In Women, Crohn's Disease Pictures,Active Crohns, Active Crohns,Crohn's Disease Pictures, crohn's disease pictures"
"website-gdnnative","Lung Cancer Treatment PR","US","lung cancer",31236.89744,31897,0.9793051834,"Her2 Metastatic Breast Cancer Treatment, Breast Cancer Medications, Treatment Center Nearby, Botox Sale, Advanced Prostate Cancer Resources, Recovery Facilities Near Me, Breast Cancer Treatment for Women, Invisalign Clear Braces In, Triple Negative Breast Cancer Therapy, Therapy Center Nearby"
"facebook","Online Courses & Classes PR","PE","onlinecourses",27874.07961,112292,0.2482285435,"Estudiar Virtualmente, Cursos Universitarios En Línea, Universidades Carreras, Cursos con Certificado, Estudiar Virtualmente,Cursos Universitarios En Línea, Cursos Universitarios En Línea,Estudiar Virtualmente, Estudiar en Linea Universidad, Universidades Carreras,Estudiar Virtualmente, Estudiar Virtualmente,Universidades Carreras, Universidades Carreras,Cursos Universitarios En Línea"
"website-gdnnative","Cancer Treatment PR","US","cancer treatment",26564.76923,26364,1.00761528,"Breast Cancer Medications, Her2 Metastatic Breast Cancer Treatment, Treatment Centers Drug, Advanced Prostate Cancer Resources, Botox Sale, Breast Cancer Treatment for Women, Recovery Facilities Near Me, Treatment Center Nearby, Enhertu Chemotherapy, Therapy Centers Nearby"
"facebook","Migraine Treatment PR","US","migraine treatment",24922.35621,28110,0.8866010746,"Migraine Relief Near Me, Migraine Treatment Centers Near Me, Best Migraine Treatment Near Me, Migraine Therapy Near Me, Headache Specialist In My Area, Migraine Massages In Los Angeles, Ms Medication Oral, Migraine Massages In Houston, Migraine Relief Nearby, Migraine Massage Near Me"
"tiktok","Online & Digital Marketing PR","US","digital marketing",23156.70732,44034,0.525882439,"Digital Marketing, Digital Market, Email Marketing, Digital Marketing Online Advertising, Product Advertising, Marketing Affiliates, Digital Marketing Business, Market My Small Business, Tiktok for Businesses, Digital Marketing Agency"
"facebook","Home Renovation PR","US","homerenovation",21836.84337,9086,2.40335058,"Find Home Renovation Experts Near Me, Find Home Remodeling Companies In Florida, Find Home Remodeling Companies In Texas, Find Home Remodeling Companies In New York, Find Home Remodeling Companies In California, Cheap Home Remodeling Ideas In California, Cheap Home Remodeling Ideas In Florida, Find Home Renovation Experts Near Me California, Find Home Remodeling Companies In New Jersey, Find Home Remodeling Companies In Massachusetts"
"tiktok","Medical Assistant Training PR","US","medical assistant program",21753.28049,22029,0.9874837935,"Medical Assistant Classes Near Me, Medical Assistant Programs, Medical Assistant Program In Miami, Medical Assistant Program In Los Angeles, Medical Assistant Program In Brooklyn, Medical Assistant Program In Houston, Medical Assistant Program In Chicago, Medical Assistance, Medical Assistant Program In Tampa, Medical Assistant Jobs"
"facebook","Car Loans PR","MX","obtenga la aprobación en 3 sencillos pasos",21663.31325,93365,0.2320282039,"Cotizar Carro Seminuevo, Créditos Automotrices Sin Enganche Ciudad De México, Financiamiento De Autos Sin Comprobar Ingresos, Créditos Automotrices Sin Enganche Guadalajara, Lista de Precios Autos, Créditos Automotrices Sin Enganche Tijuana, Créditos Automotrices Sin Enganche, Créditos Automotrices Sin Enganche Nuevo León, Créditos Automotrices Sin Enganche Puebla De Zaragoza, Créditos Automotrices Sin Enganche Xalapa"
"website-gdnnative","Prostate Cancer Treatment PR","US","prostate cancer treatment",20727.89744,20974,0.9882663028,"Her2 Metastatic Breast Cancer Treatment, Therapy Center Nearby, Breast Cancer Medications, Breast Cancer Treatment for Women, Advanced Prostate Cancer Resources, Treatment Centers Nearby, Treatment Center Nearby, Treatment Centers Drug, B Cell Lymphoma Therapy, Recovery Facilities Near Me"
"website-gdnnative","Anxiety Treatment PR","US","anxiety treatment centers",19924.76923,21950,0.9077343613,"Laser Treatment for Skin, Treatment Center Nearby, Wastewater Treatment, Water Removal Services, Effective Migraine Medication, Best Rheumatoid Arthritis Treatment, Rexulti Medication, Treatment Centers Nearby, Water Treatment, Water Treatment Systems"
"facebook","Dental Implants PR","US","dental implants",19116.97184,22070,0.8661971836,"Invisible Dental Aligners Near Me, Nearby Invisible Dental Aligners Dentist In My Area, Dental Implant Prices, I Need Dental Implants Near Me Fast, Fix My Teeth Near Me, Full Mouth Dental Implants For $0 (see Dentists Near Me), Dental Implants Near Me Low Cost, Apply For Free Dental Implants, Dental Implants In My Area In California, Dental Implants In My Area In Texas"
"mgid","Crohn's Disease Treatment PR","US","crohn's disease - usual symptoms! (click here to take a look!)",18590.20823,37682,0.4933445208,"Crohn's Disease Pictures, Crohn's Symptoms in Women, Crohn's Symptoms In Women, Active Crohns, Early Crohns, Early Signs Of Crohn's Disease, Crohn's Disease Pictures,Crohn's Symptoms in Women, Crohns Symptoms, Crohn's Symptoms in Women,Crohn's Disease Pictures, Crohn's Disease Symptoms in Women"
"mgid","Crohn's Disease Treatment PR","US","first signs of crohn's disease that many females tend to ignore",18362.61637,39648,0.4631410506,"Crohn's Disease Pictures, Crohn's Symptoms in Women, Crohns Symptoms In Women, Crohn`s Disease Symptoms In Females, Early Crohns, Crohn's Disease Pictures,Crohn's Symptoms in Women, Crohn's Symptoms in Women,Crohn's Disease Pictures, Early Signs Of Crohn's Disease, Crohn's Symptoms In Women, Crohn's Disease Pictures,Crohns Symptoms In Women"
"facebook","Bathroom Remodeling PR","US","create a relaxing oasis - remodel your bathroom!",17921.0411,2569,6.975882093,"Bathroom Remodel Companies Nearby, Bathroom Remodel Company, Bathroom Remodeling Contractors, Bathroom Renovation, Bathroom Remodels, Bathroom Remodel Near Me, Bathroom Remodel, Bathroom Remodeling Companies, Bathroom Renovation Company, Remodeling Bathroom"
"mgid","TNBC Treatment PR","US","dangerous signs that you have tnbc (take a look)",17068.19235,44590,0.3827807211,"Triple Negative Signs and Treatment, What Is Tnbc, Tnbc Treatment In Texas, Tnbc Treatment In Florida, Tnbc Treatment In California, Tnbc Treatment In United States, Tnbc Treatment In Ohio, Tnbc Treatment In Pennsylvania, Tnbc Treatment In Michigan, Tnbc Treatment In North Carolina"
"facebook","Solar Systems & Panels PR","US","solar companies",17003.3038,4200,4.048405666,"Get Best Rates For Home Solar Panels In {region}, Solar Panels, Best Budget Solar Panels For Home, Explore Solar Panels In {region}, Find Cheap Quotes For Home Solar Panels In Houston, Solar Energy, Commercial Solar Installers Near Me, Local Solar Panel Installers Near Me, Solar Company, Find Cheap Quotes For Home Solar Panels In Philadelphia"
"facebook","Solar Systems & Panels PR","US","be the change, solar powers the way forward",16913.47945,3105,5.447175347,"Find Solar Leads, Commercial Solar Installers Near Me, Solar Company, Solar Panels, Local Solar Panel Installers Near Me, Solar Energy System, Solar Pv, Solar Power System, Solar Panels For Sale, Solar Power Systems"
"facebook","Massage PR","US","best massages in 2024",16851.66327,26751,0.6299451708,"Massage Places Near Me, Massage, Migraine Massages In California, Migraine Massages In Los Angeles, Massage Near Me, Migraine Massages In Houston, Relaxation Massage Spa, Migraine Massages In New York, Migraine Massages In New Jersey, Migraine Massages In Miami"
"facebook","Bathroom Remodeling PR","US","bathroom remodeling companies",16767.5443,1974,8.494196709,"Cheap Quotes For Bathroom Renovation In {region}, Find Bath Remodeling Experts Near Me, Get Quotes For Bathroom Remodeling In San Antonio, Get Quotes For Bathroom Remodeling In Houston, Get Quotes For Bathroom Remodeling In St Louis, Get Quotes For Bathroom Remodeling In Dallas, Get Quotes For Bathroom Remodeling In Brooklyn, Get Quotes For Bathroom Remodeling In Dayton, Get Quotes For Bathroom Remodeling In Fort Lauderdale, Get Quotes For Bathroom Remodeling In Cleveland"
"facebook","Dental Implants PR","US","dental implant schools near me",16561.45176,28943,0.5722092306,"Dental Implant Schools Near Me, Full Mouth Dental Implants For $0, Fix My Teeth Near Me, Dental Implant Schools Near Me,Full Mouth Dental Implants For $0, Full Mouth Dental Implants For $0,Dental Implant Schools Near Me, Fix My Teeth Near Me,Dental Implant Schools Near Me, Dental Implant Schools Near Me,Fix My Teeth Near Me, I Need Dental Implants Near Me Fast, Dental Implant Schools In Houston, dental implant schools near me"
"website-gdnnative","Cyber Security PR","US","cyber security",15918.15385,16766,0.9494306242,"Secure Compliant Fax, Computer Security, Wiz Security, Fortinet Network Security Solutions, Cyber Security, Siem Network Security, Cybersecurity Monitoring Services, Free Cyber Security Certifications, Financial Advisories, Can i Qualify for Disability"
"mgid","Cremation Services PR","US","what happens during cremation? a look at it will surprise you",15548.50655,54297,0.2863603248,"Cremations, Cremation In Florida, Cremation In California, Cremation In Texas, Cremation In New York, Cremation In Pennsylvania, Cremation In Ohio, Cremation In Virginia, Cremation In North Carolina, Cremation"
"mgid","Psoriatic Arthritis Treatment PR","US","psoriatic arthritis warning symptoms (don't ignore them)",15534.7619,23827,0.6519814456,"Common Signs Of Psoriatic Arthritis In Seniors, First Hints Of Psoriatic Arthritis, Psoriatic Arthritis Symptoms And Treatment, Common Signs Of Psoriatic Arthritis, Common Signs Of Psoriatic Arthritis In Seniors,First Hints Of Psoriatic Arthritis, First Hints Of Psoriatic Arthritis,Common Signs Of Psoriatic Arthritis In Seniors, What Does Psoriatic Arthritis Look Like, If You Have Psoriatic Arthritis, Psoriatic Arthritis in Hands, Common Signs Of Psoriatic Arthritis In Seniors,Psoriatic Arthritis Symptoms And Treatment"
"website-gdnnative","Bladder Cancer Treatment PR","US","bladder cancer treatment",15458.97436,15734,0.9825202974,"Her2 Metastatic Breast Cancer Treatment, Advanced Prostate Cancer Resources, Treatment Centers Drug, Breast Cancer Medications, Therapy Center Nearby, Botox Sale, Recovery Facilities Near Me, Enhertu Chemotherapy, B Cell Lymphoma Therapy, Invisalign Clear Braces In"
"facebook","Pools PR","US","pools",15455.80797,41779,0.3699420276,"Pool Sizes And Prices, Pool Prices, Above Ground Pools Online, Inflatable Pools, Inflatable Swimming Pool, Pool Prices,Pool Sizes And Prices, Pool Sizes And Prices,Pool Prices, Fiberglass Swimming Pools, Pool Sizes And Prices,Above Ground Pools Online, Above Ground Pools Online,Pool Sizes And Prices"
"tiktok","Online & Digital Marketing PR","US","online digital marketing for beginners",15440.24658,19309,0.7996398869,"Product Advertising, Digital Marketing Online Advertising, Product Marketing, Product Advertisement, Online Marketing, product advertising, Digital Marketing, Product Advertising,Product Marketing, Digital Marketing Online Advertising,Product Advertising, Product Advertising,Digital Marketing Online Advertising"
"tiktok","Personal Loans PR","JP","personal loans for you",15427.28767,20051,0.7694024074,"必ず通るカード, 今すぐお金が必要即日, 査定なしローン, 借入急ぎ, 緊急 生活 応援 融資, 収入証明書なしお金借りる, キャッシング審査優しい, 審査簡単キャッシング, 今お金借りる, 審査落ちても借りれる"
"tiktok","Email Marketing PR","US","email marketing",15062.04049,15599,0.9655773123,"Email Marketing, Digital Marketing Agency, Digital Marketing Online Advertising, Sender Email Marketing, Emailing Services, B2b Digital Marketing, Email Marketing Agency, email marketing, Email Marketing Company, Email Marketing for Beginners"
"tiktok","Pools PR","US","pools creatives",15011.4375,44924,0.3341518453,"Pool Sizes And Prices, Pool Prices, Inflatable Pools, Above Ground Pools Online, Plunge Pool Prices Nsw, Inflatable Pool, 15x30 Oval Pools, Outdoor Pool, Backyard Pools United States, Pool Sizes And Prices,Pool Prices"
"taboola","Prefabricated Homes PR","DE","polnische mini-fertighäuser 60 qm für senioren mit toilette und bad (schau mal)",15005.78152,110275,0.1360760056,"Fertighäuser Bungalow 60 Qm Für Senioren Deutschland 2024, Schlüsselfertiges Haus 60000 Euro, Polnische Fertighäuser Holzhäuser, Fertighäuser Bungalow 60 Qm Für Senioren, Fertighäuser Bungalow 60 Qm Für Senioren Deutschland 2024,Schlüsselfertiges Haus 60000 Euro, Fertighäuser Bungalow 60 Qm Für Senioren Deutschland 2024,Fertighäuser Bungalow 60 Qm Für Senioren, Schlüsselfertiges Haus 60000 Euro,Fertighäuser Bungalow 60 Qm Für Senioren Deutschland 2024, Fertighäuser Bungalow 60 Qm Für Senioren,Fertighäuser Bungalow 60 Qm Für Senioren Deutschland 2024, Fertighäuser Bungalow 60 Qm Für Senioren Deutschland 2024,Polnische Fertighäuser Holzhäuser, Polnische Fertighäuser Holzhäuser,Fertighäuser Bungalow 60 Qm Für Senioren Deutschland 2024"
"website-gdnnative","Ovarian Cancer Treatment PR","US","ovarian cancer treatment",14942.07692,15373,0.9719688365,"Her2 Metastatic Breast Cancer Treatment, Treatment Center Nearby, Breast Cancer Medications, Recovery Facilities Near Me, Advanced Prostate Cancer Resources, Breast Cancer Treatment for Women, Botox Sale, Migraine Therapy Near Me, Therapy Center Nearby, Treatment Centers Drug"
"mgid","Cancer Treatment PR","US","first signs of bladder cancer that many females tend to ignore",14941.61905,33113,0.4512312097,"Trodelvy Bladder Cancer Symptoms And Treatment, What Is Trodelvy Bladder Cancer, Cancer Symptoms, Trodelvy Bladder Cancer Treatment For Seniors, Cancer Symptoms,Trodelvy Bladder Cancer Symptoms And Treatment, Trodelvy Bladder Cancer Symptoms And Treatment,What Is Trodelvy Bladder Cancer, What Is Trodelvy Bladder Cancer,Trodelvy Bladder Cancer Symptoms And Treatment, Trodelvy Bladder Cancer Symptoms And Treatment,Cancer Symptoms, Trodelvy Bladder Cancer, Trodelvy Bladder Cancer Symptoms And Treatment,Trodelvy Bladder Cancer Treatment For Seniors"
"facebook","Hair Restoration PR","ES","restauración del cabello",14862.48101,23797,0.6245527173,"Cirugia de Pechos Caidos, Operacion Aumento de Pecho, Implantes Capilares Cerca De Mí, Cirugias para Reducir el Estomago, Trasplante De Cabello Cerca De Mí, Cirugia de Pechos Caidos,Operacion Aumento de Pecho, Simulador de Aumento de Senos, Liposucción de Abdomen, Clínicas de Trasplante Capilar, Cirugia de Pechos Caidos,Cirugias para Reducir el Estomago"
"facebook","Real Estate PR","BR","credito imovel proprio",14861.83228,58371,0.2546098624,"Consorcio para Casa Própria, Compra Primeira Casa, Compra Primeira Casa,Consorcio para Casa Própria, Consorcio para Casa Própria,Compra Primeira Casa, Imoveis Para Moradores De São Paulo, Imoveis Para Moradores De Salvador, Imoveis Para Moradores De Rio De Janeiro, Imoveis Para Moradores De Manaus, Imoveis Para Moradores De Belo Horizonte, Imoveis Para Moradores De Fortaleza"
"mgid","Chrons Disease Symptoms PR","US","crohn's disease: early symptoms (click here to view)",14040.58537,29596,0.4744082094,"Crohn's Disease Pictures, Crohn's Symptoms in Women, Early Crohns, Crohn's Disease Pictures,Crohn's Symptoms in Women, Active Crohns, Crohn's Symptoms in Women,Crohn's Disease Pictures, Crohn's Symptoms In Women, Plaque Psoriasis Videos, Early Crohns,Crohn's Disease Pictures, Crohn's Disease Pictures,Early Crohns"
"website-adwords","Online Jobs PR","PK","unlocking opportunity: navigating the world of online jobs",13604.54795,100442,0.1354468046,"Entry Level It Jobs Mexico, Virtual Healthcare Assistant Jobs Nassau, Data Jobs For Individuals Mexico, Virtual Healthcare Assistant Jobs Bahamas, Travel Consultant Jobs Bahamas, Entry Level It Jobs Mexico,Data Jobs For Individuals Mexico, Data Jobs For Individuals Mexico,Entry Level It Jobs Mexico, Entry Level It Jobs Mexico,Virtual Healthcare Assistant Jobs Nassau, Virtual Healthcare Assistant Jobs Nassau,Entry Level It Jobs Mexico, طلبا,Entry Level It Jobs Mexico"
"facebook","Tires PR","US","tires",13503.94357,28173,0.4793221727,"4 New Tires Offers, Truck Tires, Tire Size, 4 New Tires $99, All Terrain Tires - Cheap A/t Tires For Sale, Car Tires, Discount Tires, Discounted Truck Tires, 4 New Tires Offers,Truck Tires, Oferta 4 Neumaticos - 4 New Tire Offers Near Me In Estados Unidos Florida"
"facebook","Online Courses & Classes PR","DE","onlinecourses",13342.93976,22013,0.6061390887,"Online Kurse mit Zertifikat Kostenlos, Online Studium Ohne Präsenz, Berufliche Weiterbildung Online, Psychologie Bachelor Fernstudium, Soziale Arbeit Studium Fernstudium, Psychologie Ohne Nc Studieren, Online Studium Ohne Präsenz,Online Kurse mit Zertifikat Kostenlos, Online Kurse mit Zertifikat Kostenlos,Online Studium Ohne Präsenz, Angewandte Psychologie Ohne Abitur, Bildungsgutschein Data Analyst"
"tiktok","Digital Marketing Courses PR","DE","digital marketing courses",13256.40617,12542,1.056961105,"Digital Marketing, Agentur für Social Media Marketing, Social Media Marketing Bildungsgutschein, Agentur für Digital Marketing, Online Marketing Agentur Hamburg, Online Marketing Agentur Deutschland, Digital Marketing Online Course, Online Marketing Agentur Berlin, Online Marketing, Onlineshop Marketing Agentur"
"facebook","Depression Treatment PR","US","depression treatment",13250.69463,18231,0.726822151,"Counseling Services, Therapist Near Me California, Therapist Near Me Florida, Depression Treatment Near Me, Depression And Anxiety Therapy Treatment Centers In Houston, Depression And Anxiety Therapy Treatment Centers In Los Angeles, Therapist Near Me New Jersey, Therapist Near Me Texas, Therapist Near Me New York, Therapist Near Me North Carolina"
"tiktok","Laser Face Lift PR","US","us laser face lift",13195.90411,11530,1.144484311,"Find Juvederm, Juvederm Voluma Cost Near Me, Laser Treatment For Face Lift, Juvederm Voluma Specials Near Me, Medical Practice Ehr, Face Lift Surgery, Walk in Dentist Open Now, Affordable Denture Implant, Laser Face Lift, Fat Removal Surgery"
"website-facebook","Dental Implants PR","US","implant dentists",13128.69,12247,1.071992325,"Best Dental Implants In My Area, Dental Implants In Texas, Dental Implants In Florida, Dental Implants In California, Same Day Implant Dentist Near Me, Dental Implants Near Me Low Cost, Dental Implants In Colorado, I Need Dental Implants Near Me Fast, Dental Implants In New York, Dental Implants In Arizona"
"mgid","Diarrhoea Treatment PR","US","crohn's disease - usual symptoms (click here to take a look)",12930.07317,28279,0.4572323339,"Crohn's Disease Pictures, Crohn's Symptoms in Women, Active Crohns, Crohn's Symptoms In Women, Crohn's Symptoms in Women,Crohn's Disease Pictures, Crohn's Disease Pictures,Crohn's Symptoms in Women, Plaque Psoriasis Videos, Video Ulcerative Colitis, Crohn's Disease Symptoms in Women, Crohn's Disease Pictures,Active Crohns"
"facebook","Credit Cards PR","IT","l'approvazione della carta di credito può richiedere appena 60 secondi. potete fare domanda anche se avete una cattiva storia creditizia!",12719.19481,30416,0.4181744741,"Carta Con Fido Immediato, Carta Di Credito Senza Busta Paga, Carta Di Credito 1500 Euro, Carta Di Credito Veloce Da Ottenere, Carta Con Fido Immediato,Carta Di Credito Senza Busta Paga, Carta Di Credito Senza Busta Paga,Carta Con Fido Immediato, Carta Con Fido Immediato,Carta Di Credito 1500 Euro, Carta Di Credito 1500 Euro,Carta Con Fido Immediato, Carta Di Credito Veloce Da Ottenere,Carta Con Fido Immediato, Carta Con Fido Immediato,Carta Di Credito Veloce Da Ottenere"
"tiktok","Digital Marketing Courses PR","FR","démarrer à générer des revenus avec nous",12607.75342,16369,0.770221359,"Marketing Digital Débutant, Marketing Digital France, Marketing Digital Paris, Master Marketing Numérique, Marketing Digital France,Marketing Digital Débutant, marketing digital débutant, Marketing Digital Débutant,Marketing Digital France, Mail Masse Gratuit, Formation Informatique Gratuit, marketing digital france"
"facebook","Home Renovation PR","US","home renovations companies",12370.6962,2183,5.666832892,"Find Home Remodeling Companies In {region}, Find Home Renovation Experts Near Me, Cheap Home Remodeling Ideas In {region}, find home renovation experts near me, Find Home Remodeling Companies In Atlanta, Find Home Remodeling Companies In Houston, Find Home Remodeling Companies In Chicago, Find Home Remodeling Companies In Columbia, find home remodeling companies in {region}, Find Home Remodeling Companies In Philadelphia"
"facebook","Custom Paint by Numbers PR","US","kohls custom size  printing 4imprint prices 2024",12313.4,11081,1.111217399,"Kohls Custom Size Printing 4imprint Prices 2024, Kohls Custom Size Printing 4imprint Prices 2024 United States, Kohls Custom Size Printing 4imprint Prices 2024 In Texas, Kohls Custom Size Printing 4imprint Prices 2024 In New York, Kohls Custom Size Printing 4imprint Prices 2024 In California, Kohls Custom Size Printing 4imprint Prices 2024 In Ohio, Kohls Custom Size Printing 4imprint Prices 2024 In Miami, Kohls Custom Size Printing 4imprint Prices 2024 In Florida, Kohls Custom Size Printing 4imprint Prices 2024 In Pennsylvania, Kohls Custom Size Printing 4imprint Prices 2024 In New Jersey"
"facebook","Hair Restoration PR","DE","haarwiederherstellung",11995.73418,11997,0.9998944884,"Türkische Haartransplantation, Kosten Für Eine Haartransplantation In Der Türkei, Haartransplantation Klinik, Türkische Haartransplantation,Kosten Für Eine Haartransplantation In Der Türkei, Hair Graft, Haartransplantation In Meiner Nähe, Kosten Für Eine Haartransplantation, Kosten Für Eine Haartransplantation In Der Türkei,Türkische Haartransplantation, Haartransplantation, Haare Einpflanzen"
"facebook","Window Repair PR","US","windows repair",11961.55696,1079,11.08578032,"Windows Renovation In {city, Window Contractors Near Me, Cheap Quotes For Windows Repair In {region}, Get Quotes For Windows Replacement In Houston, Get Quotes For Windows Replacement In New York, Get Quotes For Windows Replacement In Stafford, Get Quotes For Windows Replacement In Katy, Get Quotes For Windows Replacement In Oviedo, Get Quotes For Windows Replacement In Brooklyn, Get Quotes For Windows Replacement In Seattle"
"facebook","Warehouse Inventory PR","DE","entrumpelung",11870.2,22837,0.5197793055,"Warenwirtschaft Lager, Lager Kommissionierung, Optimierung Der Lagerlogistik, Entrümpelung & Haushaltsauflösung In Berlin, Entrümpelung & Haushaltsauflösung In Hamburg, Entrümpelung & Haushaltsauflösung In Frankfurt Am Main, Industrie Lager Regal, Entrümpelung & Haushaltsauflösung In Берлин, Entrümpelung & Haushaltsauflösung In Stuttgart, Entrümpelung & Haushaltsauflösung In Köln"
"facebook","Online & Digital Marketing Degree PR","FR","digital+marketing+business",11659.8481,11246,1.036799582,"Ecoles de Management, Master Marketing en Alternance, Master Finance en Ligne, École Data, Bts en Ecole de Commerce, Formation Secretaire Medicale Cpf, Les Écoles de Formation, Banque Professionnel en Ligne, Master Alternance Finance, Licence Ecole de Commerce"
"tiktok","Orthodontist PR","ES","orthodontist",11489.09639,19913,0.5769646154,"Dentista Mas Cerca de Mi, Arreglar Mis Dientes Cerca De Mí, Clinicas Dentales Baratas, Implantes Dentales Cerca De Mi, Clinica Dentaria Implantes, Dentista Barato y Bueno, Implantes Dentales Baratos, Implantes Dentales Asequibles, Dentista Cerca de Mi Ubicación, Ortodoncista En Barcelona"
"facebook","Packing Jobs PR","DE","arbeit von zu hause",11462.17808,43673,0.2624545619,"Arbeit Von Zu Hause, Packing Jobs, Offene Stellen, Packer Job, Arbeit Von Zu Hause,Online Jobs Von Zuhause, Offene Stellen,Packing Jobs, Packing Jobs,Offene Stellen, Online Jobs Von Zuhause,Arbeit Von Zu Hause, Packing Jobs,Packer Job, Online Jobs Von Zuhause"
"facebook","Mental Health PR","BR","search here for mental health",11068.09412,171889,0.064390939,"Especialização Em Saude Mental, Especialização Saude Mental, Sáude Mental, Saude Mental e Ansiedade, Especialização Em Saude Mental,Sáude Mental, Sáude Mental,Especialização Em Saude Mental, Especialização Em Saude Mental,Saude Mental e Ansiedade, Saude Mental e Ansiedade,Especialização Em Saude Mental, Especialização Em Saude Mental,Especialização Saude Mental, Especialização Saude Mental,Especialização Em Saude Mental"
"tiktok","Apartments For Rent PR","ES","seguro piso alquiler",11060.35771,22372,0.4943839489,"Seguro Piso Alquiler España, Seguro Piso Alquiler Madrid, Pisos en Alquiler Cerca de Mi, Seguro Piso Alquiler Barcelona, Pisos en Alquiler, Pisos para Alquilar, Seguro Piso Alquiler Valencia, Seguro Piso Alquiler Málaga, Seguro Alquiler Piso, Seguro Piso Alquiler Palma"
"facebook","Retirement Plans PR","US","retirement plan",11033.2625,27195,0.4057092296,"Retirement Plan, Retirement Pension, Pension Calculator, Retirement Money, Retirement Benefits, Retirement Plan,Retirement Pension, Retirement Pension,Retirement Plan, retirement plan, Retirement Plan,Pension Calculator, Pensions"
"facebook","Roofing Services PR","US","roofing-services",11033.0411,15496,0.711992843,"Roofer Find, roofer find, Foundation Repair in My Area, Find Roofer, Metal Roofing Prices,Roofer Find Pittsburgh, Roofing Repairs, Roofer Find Rochester, Roofer Find Madison, Roofer Find Topeka, Roofer Find United States"
"facebook","Online Courses & Classes PR","ZA","onlinecourses",10996.42245,91891,0.1196681117,"Courses and Certificates Online, Education Courses, Computer Courses, Management Courses, Online School, Western Governors Nursing Program, Short Courses, Computer Course, Construction Management Cert, Management Training Courses"
"facebook","Lift Chairs PR","GB","lift chairs",10886.86301,12893,0.8444010714,"Lift And Tilt Chairs, Recliner for Elderly Person, Age UK Chair Lifts, Recliner for Elderly Person,Lift And Tilt Chairs, Mobility Recliner Chairs, Lift And Tilt Chairs,Recliner for Elderly Person, Get a Stairlift on the Nhs, Recliner Chair for Elderly, Age UK Chair Lifts,Lift And Tilt Chairs, Lift And Tilt Chairs,Age UK Chair Lifts"
"facebook","Bathroom Remodeling PR","US","bathroom remodelling",10860.46835,1052,10.32363912,"Find Bath Remodeling Experts Near Me, Cheap Quotes For Bathroom Renovation In {region}, Get Quotes For Bathroom Remodeling In Brooklyn, Get Quotes For Bathroom Remodeling In Houston, Get Quotes For Bathroom Remodeling In Queens, Get Quotes For Bathroom Remodeling In Washington, Get Quotes For Bathroom Remodeling In Richmond, Get Quotes For Bathroom Remodeling In Atlanta, Get Quotes For Bathroom Remodeling In Los Angeles, Get Quotes For Bathroom Remodeling In Philadelphia"
"facebook","Business Funding PR","GB","business funding",10859.93261,12136,0.8948527204,"Starting Your Own Business, Start Your Own Business, 1 000 000 Ugx Loan For Small Business, Own Business, Loans for Start Up Business, Need A Business Loan, 60 000 000 Ugx Loan For Small Business, Start Business, 1 000 000 Ugx ➡️ Small Business Loan, Loan for Small Business"
"tiktok","Digital Marketing Courses PR","GB","digital marketing in {country}",10556.36585,9501,1.11107945,"Digital Marketing For Startups, Digital Marketing, Digital Marketing Online Advertising, Digital Marketing Degree, Digital Marketing Business, Internet Advertising For Small Business, Digital Marketing Masters Degree, B2b Payment Automation, digital marketing for startups, Marketing Digital Agency Uk"
"taboola","Savings Accounts PR","DE","ist ein tagesgeldkonto eine gute geldanlage mit 70 jahren? schau mal!",10505.3925,24610,0.4268749491,"Geldanlage Mit 70 Jahren, Geldanlage Tagesgeldkonto, Beste Geldanlage Für Rentner In 2024, Geldanlage Tagesgeldkonto,Geldanlage Mit 70 Jahren, Geldanlage Mit 70 Jahren,Geldanlage Tagesgeldkonto, Beste Geldanlage Für Rentner In 2024,Geldanlage Mit 70 Jahren, Geldanlage Mit 70 Jahren,Beste Geldanlage Für Rentner In 2024, Beste Geldanlage Bei Sparkasse, Geldanlage Tagesgeldkonto,Beste Geldanlage Für Rentner In 2024, Beste Geldanlage Für Rentner In 2024,Geldanlage Tagesgeldkonto"
"facebook","Online Schools PR","MX","onlinetechschools",10435.39759,65156,0.1601601938,"Cursos Con Certificado, Cursos Tecnicos, Estudiar En Linea Universidad, Escuelas en Linea Preparatoria, Cursos Con Certificado,Cursos Tecnicos, Cursos Tecnicos,Cursos Con Certificado, Especialidades y Maestrias, Clases De Ingles Cerca De Mi, Escuelas en Linea Preparatoria,Cursos Con Certificado, Cursos Con Certificado,Escuelas en Linea Preparatoria"
"mgid","Cremation Services PR","US","this is how cremation takes place! you will be left speechless!",10411.91261,37706,0.2761341063,"Cremation, Cremation In Texas, Cremation In Florida, Cremations, Cremation In California, Cremation In New York, Cremation In Ohio, Cremation In Pennsylvania, Cremation In Virginia, Cremation In New Jersey"
"outbrain","Car Deals PR","US","leftover cars with zero miles now selling for nearly nothing (see pric",10330.34615,12937,0.7985117225,"Best Priced Suvs Under $8k (must See), 2024 Crossover Suvs Under $8k (must See), Best Priced Suvs (under $8k), Best Priced Suvs Under $8k (must See),Best Priced Suvs (under $8k), 2024 Crossover Suvs Under $8k (must See),Best Priced Suvs Under $8k (must See), Best Priced Suvs Under $8k (must See),2024 Crossover Suvs Under $8k (must See), Best Priced Suvs (under $8k),Best Priced Suvs Under $8k (must See), 2024 Crossover Suvs Under $8k (must See),Best Priced Suvs (under $8k), Best Priced Suvs (under $8k),2024 Crossover Suvs Under $8k (must See), Best Priced Suvs Under $8k (must See),Best Priced Suvs (under $8k),2024 Crossover Suvs Under $8k (must See)"
"facebook","Dentist & Dental Care PR","US","dental services programs near you",10330.16867,7935,1.301848604,"Dental Clinics, Español Orthodontist Invisible Braces Near California, Español Orthodontist Invisible Braces Near New York, Dental Implants Near Me Low Cost, Español Orthodontist Invisible Braces Near Chicago Pay Later, Español Orthodontist Invisible Braces Near Texas, Español Orthodontist Invisible Braces Near Houston Pay Later, Español Orthodontist Invisible Braces Near North Carolina, Español Orthodontist Invisible Braces Near Florida, Español Orthodontist Invisible Braces Near Los Angeles Pay Later"
"facebook","Roofing Services PR","US","roofing services companies",10254.83544,1184,8.661178584,"Cheap Quotes For Roofing Repair In {region}, Roofing Contractors In Atlanta, Get Quotes For Roofing Replacement In Indianapolis, Get Quotes For Roofing Replacement In Vancouver, Get Quotes For Roofing Replacement In Fort Myers, Budget Roof Installation In St Louis, Get Quotes For Roofing Replacement In Durham, Get Quotes For Roofing Replacement In Cleveland, Get Quotes For Roofing Replacement In Saginaw, Roofing Companies Near Me"
"facebook","Solar Systems & Panels PR","DE","solaranlagen monteur",10245.61246,7994,1.281662804,"Instalador Solar In North Rhine-westphalia, Instalador Solar In Nordrhein-westfalen, Solar Modul Preis, Instalador Solar In Bayern, Instalador Solar In Baden-württemberg, Kosten Solaranlage mit Speicher, Instalador Solar In Bavaria, Instalador Solar In Baden-wurttemberg, Solaranlage 10kwp, Instalador Solar In Hesse"
"taboola","Ductless Air Condition PR","US","ductless window air conditioners - prices will blow your mind!",10108.26437,27781,0.36385531,"Ductless Air Conditioner, Ductless Ac Prices, Air Conditioner Window Air Condition, Ductless Air Conditioner,Ductless Ac Prices, Ductless Ac Prices,Ductless Air Conditioner, Window Unit, Portable Ductless Ac, Ductless Air Conditioner,Air Conditioner Window Air Condition, Ductless Ac Units, Air Conditioner Window Air Condition,Ductless Air Conditioner"
"facebook","Teeth Care PR","US","affordable tooth restoration today",10068.51807,7873,1.278866769,"Permanent Dental Implants, Español Orthodontist Invisible Braces Near Houston, Español Orthodontist Invisible Braces Near Los Angeles, Español Orthodontist Invisible Braces Near New York, Español Orthodontist Invisible Braces Near Brooklyn, Español Orthodontist Invisible Braces Near Chicago, Español Orthodontist Invisible Braces Near Miami, Español Orthodontist Invisible Braces Near Phoenix, Español Orthodontist Invisible Braces Near Dallas, Español Orthodontist Invisible Braces Near The Bronx"
"website-gdnnative","Cancer Hospitals PR","US","cancer hospitals near me",9918.679487,10358,0.9575863571,"Her2 Metastatic Breast Cancer Treatment, Breast Cancer Medications, Get a Stairlift on the Nhs, Patient Experience Survey, Treatment Center Nearby, Breast Cancer Treatment for Women, Enhertu Chemotherapy, Advanced Prostate Cancer Resources, Treatment Centers, B Cell Lymphoma Therapy"
"facebook","Staffing Companies PR","US","staffing companies",9895.037975,25750,0.3842733194,"Nurse Job, It Services, Travel Nurse, It Outsourcing Services, Travel Nurse Jobs, Nursing Job, It Jobs, Event Company, Nurse Job,It Services, It Services Company"
"facebook","Abdominoplasty Surgery PR","US","obtén tu cuerpo ideal",9893.795181,8308,1.190875684,"United States Gratuito Consultation Abdominoplasty Plastic Surgeons, Abdominoplasty Consultation For Latinos In California, United States Local Gratuito Consultation Abdominoplasty, Abdominoplasty Consultation For Latinos In New York, Abdominoplasty Consultation For Latinos In Florida, Abdominoplasty Consultation For Latinos In Texas, Abdominoplasty Consultation For Latinos In Illinois, Liposuction Free, Abdominoplasty Consultation For Latinos In New Jersey, Abdominoplasty Consultation For Latinos In Arizona"
"tiktok","Data Analyst Degree PR","US","master of data analysis",9841.259259,10867,0.9056095757,"Master Of Data Analysis, Data Analyst Degree Online California, Data Analytics Masters Programs, Data Analyst Degree Online United States, Data Analyst Degree Online Texas, Data Analyst Degree Online Colorado, Online Master's In Business Analytics, Data Analyst Degree Online Ohio, Data Analyst Degree Online Florida, Data Analyst Degree Online New York"
"tiktok","Fashion Degree PR","US","fashion marketing degree",9700.646341,11434,0.8484035632,"Online Fashion Marketing, Fashion Marketing Degree, Work From Home Jobs, Clothing Fashion, online fashion marketing, Fashion Marketing, Fashion Marketing Degree,Online Fashion Marketing, fashion marketing degree, Online Fashion Marketing,Fashion Marketing Degree, Work From Home Jobs,Online Fashion Marketing"
"facebook","Car Insurance PR","US","car insurance",9654.075023,15466,0.6242127908,"Cheapest Car Insurance Quotes, Auto Insurance, Auto Insurance Quotes, Find Cheaper Insurance, Cheapest Car Insurance, Low Auto Insurance Quote, Best Car Insurance Quotes, Best Auto Insurance Quotes, Home and Auto Insurance Quote Comparison, Value Insurance Quote"
"facebook","Accident Lawyer PR","US","caraccidentlawyer",9581.192771,15408,0.621832345,"Car Accident Attorney, Best Car Accident Attorneys, Car Accidents Lawyer, Accident Lawyer, Car Accident Lawyer Attorney, Car Accident Attorneys, Accident Claim Lawyer, Accidents Lawyer Nearby, Car Accidents Attorneys Near Me, Law Office"
"taboola","Investment Services PR","DE","was ist die richtige geldanlage mit 80 jahren? schau mal!",9577.12868,18608,0.5146780245,"Geldanlage Mit 80 Jahren, Anlagetipps, Beste Geldanlage Für Rentner In 2024, Festgeld Aktuell, Anlagetip, Beste Geldanlage Momentan Sparkasse, Top Aktien Dividenden, Beste Geldanlage Für Rentner In 2024,Geldanlage Mit 80 Jahren, Geldanlage Mit 80 Jahren,Beste Geldanlage Für Rentner In 2024, Anbieter Tagesgeldkonto"
"tiktok","Real Estate PR","ZA","click on the button",9535.532468,12275,0.7768254556,"Real Estate Fund Investing In USA, California Homes, Real Estate Fund Investing In United Kingdom, Real Estate Fund Investing In London, Real Estate Fund Investing In Australia, California Houses, My House for Cash, Dubai House, California Homes,Real Estate Fund Investing In USA, Need A Salary Of 10$ Per Day Real Estate Fund Investing In USA"
"facebook","Teeth Removal PR","US","tooth replacement dentist near me",9461.7675,8927,1.059904503,"Tooth Replacement Dentist Near Me, Tooth Replacement Near Me, Tooth Replacement In Brooklyn, Tooth Replacement In Chicago, Affordable Dentures & Implants Near Me, Tooth Replacement In Detroit, Tooth Replacement In Houston, Tooth Replacement Dentist Near Me,Tooth Replacement Near Me, Dental Implant Seniors, Tooth Replacement Near Me,Tooth Replacement Dentist Near Me"
"facebook","Botox Surgery PR","US","face filler",9364.337662,15485,0.6047360454,"Jeuveau Specials Near Me, Liposuction Free, Face Filler, Juvederm Voluma Specials Near Me, Liposuction Free,Jeuveau Specials Near Me, Jeuveau Specials Near Me,Liposuction Free, Jeuveau Specials Near Me,Face Filler, Face Filler,Jeuveau Specials Near Me, Liposuction Free,Face Filler, Face Filler,Liposuction Free"
"facebook","Warehouse Inventory PR","US","warehouse inventory management software",9228.7,32513,0.2838464614,"Storage Warehouses, Liquidation Warehouse Nearby, Warehouses Nearby, Furniture Liquidation Warehouse, Warehouse Storage and Distribution, Warehouse Storage, Storage Warehouses,Liquidation Warehouse Nearby, Liquidation Warehouse Nearby,Storage Warehouses, Warehouse Inventory Management In Florida Near Me, Warehouse Storage And Distributions"
"facebook","Solar Panel Jobs PR","DE","solar panel jobs for you",9172.987342,5066,1.810696278,"Instalador Solar In Germany, Solaranlagen Monteur In Germany, Instalador Solar Frankfurt Am Main, Instalador Solar Germany, Instalador Solar Berlin, Instalador Solar In Deutschland, Instalador Solar Hamburg, Instalador Solar In Germany,Solaranlagen Monteur In Germany, Instalador Solar Munich, Instalador Solar Stuttgart"
"facebook","Personalized Jewelry PR","US","personalized jewelry",9011.532468,16558,0.5442403954,"Personalized Jewelry, Custom Rings, Personalized Name Necklace, Personalised Jewellery, Personalized Necklaces, Wedding Rings, Personalized Name Necklace,Personalized Jewelry, Personalized Jewelry,Personalized Name Necklace, Custom Necklace, Custom Name Necklace"
"facebook","Car Transport Jobs PR","DE","car transport jobs",8962.317742,26948,0.3325782151,"Offene Stellen, Car Transport Jobs In Berlin, Single Car Transport Driver Jobs In Deutschland, Transport Aufträge Hamburg, Transport Aufträge Deutschland, Stellenangebote, Car Transport Jobs In München, Transport Aufträge Köln, Transport Aufträge Stuttgart, Car Transport Jobs In Essen"
"mgid","Cancer Treatment PR","US","dangerous signs that you have bladder cancer (take a peek!)",8930.464286,18767,0.4758599822,"Trodelvy Bladder Cancer Symptoms And Treatment, What Is Trodelvy Bladder Cancer, Trodelvy Bladder Cancer Treatment For Seniors, Cancer Symptoms, What Is Trodelvy Bladder Cancer,Trodelvy Bladder Cancer Symptoms And Treatment, Trodelvy Bladder Cancer Symptoms And Treatment,What Is Trodelvy Bladder Cancer, Trodelvy Bladder Cancer, Trodelvy Bladder Cancer Symptoms And Treatment,Trodelvy Bladder Cancer Treatment For Seniors, Triple Negative Signs And Treatment, Cancer Symptoms,Trodelvy Bladder Cancer Symptoms And Treatment"
"tiktok","Dental Implants PR","US","dental implants near you",8856.684932,6900,1.283577526,"I Need Dental Implants Near Me Fast, Most Affordable Dental Implants Near Me, Dental Implants Fast In Texas, Dental Implants Near Me Low Cost, Fix My Teeth Near Me, Dental Implants Fast In Florida, Dental Implants Near Me Fast, Dental Implants In California, Dental Implants Fast In California, Dental Implants Fast In Arizona"
"tiktok","Product Tester Jobs PR","JP","product tester",8853.16772,11798,0.7503956366,"テスター求人, 在宅稼ぐ, 求人テスター, 自宅稼ぐ, 内職在宅自宅に届く, 副業 It, 簡単稼ぐ, テスター 転職 In 日本, テスター転職, テスター 転職 In 札幌市"
"tiktok","Monitoring Devices PR","US","search here for monitoring devices",8751.423529,17987,0.4865415872,"Remote Patient Monitoring, Remote Monitoring, Iot Device Monitoring, Heart Monitor Device, Video Surveillance System for Business, Monitoring Tools, Continuous Glucose Monitoring Devices, Medical Devices Companies Near Me, Nvr Cameras, Megalook"
"facebook","Cinematography Course PR","FR","cinematography & castings",8688.93771,11639,0.7465364473,"Devenir Acteur - Devenir Acteur Cinema Île-de-france 2024, Devenir Acteur - Devenir Acteur Cinema  2024, Devenir Acteur - Devenir Acteur France, Devenir Acteur - Devenir Acteur Cinema Auvergne-rhône-alpes 2024, Devenir Acteur - Devenir Acteur Cinema Hauts-de-france 2024, Devenir Acteur - Devenir Acteur Cinema Occitanie 2024, Devenir Acteur - Devenir Acteur Cinema Nouvelle-aquitaine 2024, Devenir Acteur - Devenir Acteur Cinema Provence-alpes-côte D'azur 2024, Devenir Acteur - Devenir Acteur Cinema Provence-alpes-côte D'azur Marseille 2024, Devenir Acteur - Devenir Acteur Cinema Grand Est 2024"
"facebook","Macular Degeneration PR","US","%title%",8658.7875,12519,0.6916516894,"Anti Vegf For Macular Degeneration, Reverse Macular Degeneration, Macular Degeneration Causes, Cure for Macular Degeneration, Treatments for Macular Degeneration, Help for Macular Degeneration, Eye Vitamins, Reverse Macular Degeneration,Anti Vegf For Macular Degeneration, Anti Vegf For Macular Degeneration,Reverse Macular Degeneration, Macular Degeneration Cause"
